{"cameraMode":{"drawMode":0,"name":"Shaded","section":"Shading Mode"},"sceneLighting":false,"audioPlay":false,"sceneViewState":{"showFog":true,"showMaterialUpdate":false,"showSkybox":false,"showFlares":true,"showImageEffects":true,"showParticleSystems":true},"in2DMode":false,"pivot":{"x":29.779741287231447,"y":-1.0595169067382813,"z":-15.542503356933594},"rotation":{"x":-0.034225814044475558,"y":0.9613962769508362,"z":-0.23405763506889344,"w":-0.1405831277370453},"size":80.8977279663086,"orthographic":false}